"Timestamp","Ik√§?","Sarja johon kirjaudun","Olen juossut viimeisen vuoden aikana","Viimeisen vuoden aikana teen v√§hint√§√§n puolituntia kest√§v√§√§ liikuntaa","Viimeisin Cooper-tulokseni (valitse l√§hin)","Olen treenannut","Useimmiten treenaan","Kovan treenin ohessa","Tavoitteenani on","Haaveissani olisi","Isoimmat esteet haaveilleni ovat kaiketi","Uusilla reiteill√§ seuraan","Olen k√§ynyt yhteislenkill√§","Yhteislenkki oli (jos osallistuit)","Minulle k√§tevi√§ treenipaikkoja olisivat","K√§yn treeneiss√§ yleens√§","Paras ajoitus olisi (kellonaika) - [puhelin vaakatasoon] [Maanantai]","Paras ajoitus olisi (kellonaika) - [puhelin vaakatasoon] [Tiistai]","Paras ajoitus olisi (kellonaika) - [puhelin vaakatasoon] [Keskiviikko]","Paras ajoitus olisi (kellonaika) - [puhelin vaakatasoon] [Torstai]","Paras ajoitus olisi (kellonaika) - [puhelin vaakatasoon] [Perjantai]","Paras ajoitus olisi (kellonaika) - [puhelin vaakatasoon] [Lauantai]","Paras ajoitus olisi (kellonaika) - [puhelin vaakatasoon] [Sunnuntai]","Treenim√§√§r√§n√§ minusta olisi optimaalinen","Treenin tehokkuus tulisi olla mielest√§ni","Treenimaaston tulisi sis√§lt√§√§","Treeneist√§ tulisi ilmoittaa","Korona on vaikuttanut","Parasta yhteistoimintaa on ollut","Harrastan my√∂s"
"2023/01/22 11:29:22 AM GMT+2","","","10km lenkin","kuudesti viikossa","2300m","M√§ke√§ (k√§vellen/sauvoilla);M√§ke√§ juosten yl√∂s;Alam√§kijuoksu;Nopeaa k√§vely√§ (speed hike);Vetoja;Voimaa;Peruskest√§vyytt√§;Monipuolisesti eri lajeja","Yksin","L√§mmittelen lihakset;Muistan juoda;Tankkaan energiaa;Olen hankkinut ohjausta (valmennus)","nauttia luonnosta;kehitt√§√§ nopeuttani juoksijana;lis√§t√§ juoksumatkaa;tutustua uusiin paikkoihin liikunnan keinoin;tutustua uusiin ihmisiin ja treenikavereihin;k√§yd√§ l√§pi useita luonnon tarjoamia n√§ht√§vyyksi√§","uskaltaa juosta l√§himets√§n ulkopuolella ilman kaveria;l√§heiset kansallispuistot;kisaaminen","En uskalla kulkea uusilla reiteill√§ yksin","j√§rjest√§j√§n merkkej√§;merkattuja reittej√§","Joo","ihan sopiva kaikin puolin ja mukava","Laajis;Touruvuori;Halssila;Kuokkala;Keskusta;Sippulanniemi;Keljonkangas;Myllyj√§rvi;M√§yr√§m√§ki;Vaajakoski","py√∂r√§ll√§;omalla autolla","17-19","17-19","17-19","17-19","17-19","10-12;12-15;15-17","10-12;12-15;15-17","1 h 30 min","maltillinen h√∂lkk√§ hitaimman mukaan;peruskest√§vyys h√∂lkk√§√§ niin ettei sykkeet nouse;sellaista rallattelua ja v√§lill√§ pieni√§ iloitteluja (h√∂yryjen p√§√§st√§mist√§)","helppoa neulaspolkua;vain pieni√§ m√§ki√§;paljon verttimetrej√§;nelivetopaikkoja;rymyp√§tki√§;juurakkoa","muutama p√§iv√§ aiemmin riitt√§√§","Ei ole vaikuttanut","Yhteislenkit","Hiihto"
"2023/01/22 11:38:24 AM GMT+2","","","puolimaratonin","12 kertaa viikossa","","Vetoja;Pitkiksi√§;Voimaa;Peruskest√§vyytt√§;Monipuolisesti eri lajeja","Yksin","L√§mmittelen lihakset;Suorituksen j√§lkeinen lihashuolto (venyttely/rullailu);J√§√§hdyttely (h√∂lkk√§);Muistan juoda;Tankkaan energiaa","nauttia luonnosta;kehitt√§√§ nopeuttani juoksijana;lis√§t√§ juoksumatkaa;tutustua uusiin paikkoihin liikunnan keinoin;voittaa itselleni asettamat haasteet;tutustua uusiin ihmisiin ja treenikavereihin;l√∂yt√§√§ mahdollisimman paljon polkuja;k√§yd√§ l√§pi useita luonnon tarjoamia n√§ht√§vyyksi√§","pidempi yhten√§inen juoksuvaellus;kisaaminen","Ajanpuute;Kaverin puute","mobiilikarttaa;olen oman tieni kulkija","En","","Laajis;Vesanka, Ruoke","juoksen alkul√§mp√§t;py√∂r√§ll√§","17-19;19-21","17-19;19-21","17-19;19-21","7-10","17-19;19-21","7-10;10-12","7-10;10-12","1 h 30 min;2 h;2 h 30 min;yli 3 h","peruskest√§vyys h√∂lkk√§√§ niin ettei sykkeet nouse;sellaista rallattelua ja v√§lill√§ pieni√§ iloitteluja (h√∂yryjen p√§√§st√§mist√§)","helppoa neulaspolkua;rymyp√§tki√§;suota","muutama p√§iv√§ aiemmin riitt√§√§;viikkoa aiemmin","Ei ole vaikuttanut","Juoksukaverit","Maastopy√∂r√§ily;Gravel-py√∂r√§ily;Kippurasarvipy√∂r√§ily;Hiihto;Retkeily"
"2023/01/22 12:01:20 PM GMT+2","","","5km lenkin;10km lenkin","viidesti viikossa","3000m","Voimaa;Peruskest√§vyytt√§","Yksin","L√§mmittelen lihakset;Olen hankkinut ohjausta (valmennus)","voittaa itselleni asettamat haasteet","kisaaminen","Kaverin puute;Ruuhkavuodet","merkattuja reittej√§;olen oman tieni kulkija","En","","Halssila;Kanavuori;Kuokkala;Sippulanniemi;Vaajakoski","omalla autolla","","","","","","","7-10;15-17;17-19","1 h","sellaista rallattelua ja v√§lill√§ pieni√§ iloitteluja (h√∂yryjen p√§√§st√§mist√§);vetotreenej√§;m√§kitreeni√§;intervalleja","helppoa neulaspolkua;vain pieni√§ m√§ki√§;kivikkoa;juurakkoa","muutama p√§iv√§ aiemmin riitt√§√§","Ei ole vaikuttanut","Juoksublogit tai tarinat","Maastopy√∂r√§ily;Hiihto"
"2023/01/22 12:30:21 PM GMT+2","","","puolimaratonin","viidesti viikossa","Ei tulosta","Vetoja;Pitkiksi√§;Peruskest√§vyytt√§;Monipuolisesti eri lajeja","Yksin","Muistan juoda;Tankkaan energiaa","nauttia luonnosta;voittaa itselleni asettamat haasteet;tutustua uusiin ihmisiin ja treenikavereihin","","","j√§rjest√§j√§n merkkej√§;merkattuja reittej√§;mobiilikarttaa","Joo","ihan sopiva kaikin puolin ja mukava","Touruvuori;Halssila;Kanavuori;Vaajakoski;Kangaslampi, Lepp√§vesi","omalla autolla","19-21","","","17-19","","10-12","10-12","1 h;1 h 30 min","maltillinen h√∂lkk√§ hitaimman mukaan;peruskest√§vyys h√∂lkk√§√§ niin ettei sykkeet nouse;sellaista rallattelua ja v√§lill√§ pieni√§ iloitteluja (h√∂yryjen p√§√§st√§mist√§)","helppoa neulaspolkua;vain pieni√§ m√§ki√§;paljon verttimetrej√§;nelivetopaikkoja;rymyp√§tki√§;kivikkoa;juurakkoa;suota","muutama p√§iv√§ aiemmin riitt√§√§;viikkoa aiemmin","Ei ole vaikuttanut","Yhteislenkit;Facebook-l√§pp√§","Maastopy√∂r√§ily;Suppailu;Lumikenk√§ily;Laskettelu;Salilla/jumpassa k√§yti"
"2023/01/22 1:00:38 PM GMT+2","","","5km lenkin;10km lenkin;puolimaratonin;maratonin;ultran","kuudesti viikossa","3000m","M√§ke√§ (k√§vellen/sauvoilla);Alam√§kijuoksu;Vetoja;Pitkiksi√§;Voimaa;Peruskest√§vyytt√§","Yksin","L√§mmittelen lihakset;J√§√§hdyttely (h√∂lkk√§)","nauttia luonnosta;kehitt√§√§ nopeuttani juoksijana;lis√§t√§ juoksumatkaa;tutustua uusiin paikkoihin liikunnan keinoin;voittaa itselleni asettamat haasteet;p√§√§st√§ podiumille;k√§yd√§ l√§pi useita luonnon tarjoamia n√§ht√§vyyksi√§","pidempi yhten√§inen juoksuvaellus;kisaaminen;polkujuoksu pohjoisessa suomessa","Kulkuyhteydet;Laiskuus;Ruuhkavuodet","merkattuja reittej√§;gps-reitti√§;mobiilikarttaa","Joo","ihan sopiva kaikin puolin ja mukava","Laajis;Keskusta;Myllyj√§rvi;M√§yr√§m√§ki","juoksen alkul√§mp√§t;py√∂r√§ll√§;omalla autolla","17-19;19-21","17-19;19-21","17-19;19-21","17-19;19-21","17-19;19-21","7-10;10-12;12-15;15-17","7-10;10-12;12-15;15-17","1 h;1 h 30 min;2 h","maltillinen h√∂lkk√§ hitaimman mukaan;peruskest√§vyys h√∂lkk√§√§ niin ettei sykkeet nouse;sellaista rallattelua ja v√§lill√§ pieni√§ iloitteluja (h√∂yryjen p√§√§st√§mist√§);vetotreenej√§","helppoa neulaspolkua;paljon verttimetrej√§;kivikkoa;juurakkoa","edellisen√§ p√§iv√§n√§;muutama p√§iv√§ aiemmin riitt√§√§","Ei ole vaikuttanut","Kisamatkat ja yhteismajoitukset;Juoksukaverit;Pikkujoulut","Maastopy√∂r√§ily;Kippurasarvipy√∂r√§ily;Uinti;Hiihto"
"2023/01/22 1:09:51 PM GMT+2","","","puolimaratonin","nelj√§sti viikossa","","Monipuolisesti eri lajeja","Yksin","Suorituksen j√§lkeinen lihashuolto (venyttely/rullailu);Muistan juoda;Tankkaan energiaa","nauttia luonnosta;kehitt√§√§ nopeuttani juoksijana","l√§heiset kansallispuistot","","j√§rjest√§j√§n merkkej√§;merkattuja reittej√§","Joo","ihan sopiva kaikin puolin ja mukava","Touruvuori","py√∂r√§ll√§;omalla autolla","17-19","17-19","17-19","17-19","17-19","10-12","10-12","1 h 30 min","peruskest√§vyys h√∂lkk√§√§ niin ettei sykkeet nouse;sellaista rallattelua ja v√§lill√§ pieni√§ iloitteluja (h√∂yryjen p√§√§st√§mist√§);m√§kitreeni√§","helppoa neulaspolkua;paljon verttimetrej√§;rymyp√§tki√§;kivikkoa;juurakkoa","muutama p√§iv√§ aiemmin riitt√§√§","Ei ole vaikuttanut","Yhteislenkit;Facebook-l√§pp√§;Juoksublogit tai tarinat","Gravel-py√∂r√§ily;Hiihto;Retkeily"
"2023/01/22 1:31:38 PM GMT+2","","","puolimaratonin","seitsem√§sti viikossa","2900m","M√§ke√§ (k√§vellen/sauvoilla);M√§ke√§ juosten yl√∂s;Vetoja;Pitkiksi√§;Peruskest√§vyytt√§","Yksin","L√§mmittelen lihakset;J√§√§hdyttely (h√∂lkk√§)","nauttia luonnosta;kehitt√§√§ nopeuttani juoksijana;voittaa itselleni asettamat haasteet;tutustua uusiin ihmisiin ja treenikavereihin","kisaaminen","Laiskuus","j√§rjest√§j√§n merkkej√§;merkattuja reittej√§;mobiilikarttaa;olen oman tieni kulkija","En","ihan sopiva kaikin puolin ja mukava","Halssila","omalla autolla","","17-19","","","","","","1 h;1 h 30 min","maltillinen h√∂lkk√§ hitaimman mukaan;peruskest√§vyys h√∂lkk√§√§ niin ettei sykkeet nouse","helppoa neulaspolkua;kivikkoa;juurakkoa","muutama p√§iv√§ aiemmin riitt√§√§","Ei ole vaikuttanut","Kisamatkat ja yhteismajoitukset;Juoksukaverit;Juoksublogit tai tarinat","Gravel-py√∂r√§ily;Lumikenk√§ily;Retkeily"
"2023/01/22 2:37:43 PM GMT+2","","","5km lenkin;10km lenkin;puolimaratonin","viidesti viikossa","","Voimaa;Peruskest√§vyytt√§","Yksin","L√§mmittelen lihakset;J√§√§hdyttely (h√∂lkk√§);Muistan juoda;Tankkaan energiaa","nauttia luonnosta;tutustua uusiin paikkoihin liikunnan keinoin;tutustua uusiin ihmisiin ja treenikavereihin;k√§yd√§ l√§pi useita luonnon tarjoamia n√§ht√§vyyksi√§","uskaltaa juosta l√§himets√§n ulkopuolella ilman kaveria;l√§heiset kansallispuistot;polkujuoksu pohjoisessa suomessa","En uskalla kulkea uusilla reiteill√§ yksin;Ajanpuute;Kaverin puute","merkattuja reittej√§;gps-reitti√§;mobiilikarttaa","En","","Laajis;Touruvuori;Halssila;Kanavuori;Kuokkala;Keskusta;Sippulanniemi;Keljonkangas;Myllyj√§rvi;M√§yr√§m√§ki;Muurame;Vaajakoski;Autolla p√§√§see","omalla autolla","17-19","17-19","17-19","17-19","17-19","7-10;10-12;12-15;15-17;17-19","7-10;10-12;12-15;15-17;17-19","1 h;1 h 30 min;2 h","maltillinen h√∂lkk√§ hitaimman mukaan;peruskest√§vyys h√∂lkk√§√§ niin ettei sykkeet nouse;sellaista rallattelua ja v√§lill√§ pieni√§ iloitteluja (h√∂yryjen p√§√§st√§mist√§)","helppoa neulaspolkua;vain pieni√§ m√§ki√§;juurakkoa","muutama p√§iv√§ aiemmin riitt√§√§;viikkoa aiemmin","Ei ole vaikuttanut","","Uinti;Retkeily;Punttisali"
"2023/01/22 3:34:56 PM GMT+2","","","ultran","seitsem√§sti viikossa","2800m","M√§ke√§ juosten yl√∂s;Vetoja;Pitkiksi√§;Voimaa;Peruskest√§vyytt√§;Monipuolisesti eri lajeja","Yksin","L√§mmittelen lihakset;Suorituksen j√§lkeinen lihashuolto (venyttely/rullailu);J√§√§hdyttely (h√∂lkk√§);K√§yt√§n hierontapalveluita;Muistan juoda;Olen hankkinut ohjausta (valmennus)","nauttia luonnosta;kehitt√§√§ nopeuttani juoksijana;lis√§t√§ juoksumatkaa;tutustua uusiin paikkoihin liikunnan keinoin;voittaa itselleni asettamat haasteet;tutustua uusiin ihmisiin ja treenikavereihin;k√§yd√§ l√§pi useita luonnon tarjoamia n√§ht√§vyyksi√§","pidempi yhten√§inen juoksuvaellus;polkujuoksu pohjoisessa suomessa","Ajanpuute;Kaverin puute;Ruuhkavuodet","j√§rjest√§j√§n merkkej√§;merkattuja reittej√§;gps-reitti√§;mobiilikarttaa","Joo","ihan sopiva kaikin puolin ja mukava;liian hidas","Halssila;Kanavuori;Vaajakoski","omalla autolla","19-21","","","19-21","19-21","","","1 h;1 h 30 min","peruskest√§vyys h√∂lkk√§√§ niin ettei sykkeet nouse;sellaista rallattelua ja v√§lill√§ pieni√§ iloitteluja (h√∂yryjen p√§√§st√§mist√§);vetotreenej√§;m√§kitreeni√§;intervalleja","helppoa neulaspolkua;vain pieni√§ m√§ki√§;paljon verttimetrej√§;kivikkoa;juurakkoa","muutama p√§iv√§ aiemmin riitt√§√§","Ei ole vaikuttanut","Kisamatkat ja yhteismajoitukset;Yhteislenkit;Juoksukaverit;Pikkujoulut","Maastopy√∂r√§ily;Hiihto;Retkiluistelu"
"2023/01/22 4:33:19 PM GMT+2","50-60","","ultran","12 kertaa viikossa","Ei tulosta","M√§ke√§ (k√§vellen/sauvoilla);Alam√§kijuoksu;Vetoja;Pitkiksi√§;Peruskest√§vyytt√§;Monipuolisesti eri lajeja","Yksin","Muistan juoda","nauttia luonnosta;tutustua uusiin paikkoihin liikunnan keinoin;voittaa itselleni asettamat haasteet;tutustua uusiin ihmisiin ja treenikavereihin;l√∂yt√§√§ mahdollisimman paljon polkuja;k√§yd√§ l√§pi useita luonnon tarjoamia n√§ht√§vyyksi√§","uskaltaa juosta l√§himets√§n ulkopuolella ilman kaveria;l√§heiset kansallispuistot;pidempi yhten√§inen juoksuvaellus;polkujuoksu pohjoisessa suomessa","Ajanpuute;Laiskuus;Liian paljon vaihtoehtoja","j√§rjest√§j√§n merkkej√§;merkattuja reittej√§;gps-reitti√§;mobiilikarttaa;paperikarttaa ja kompassia;suuntaa auringosta;olen oman tieni kulkija","Joo","ihan sopiva kaikin puolin ja mukava;keng√§t kastui;Enimm√§kseen kaikinpuolin hyvi√§ kun itse vet√§√§ ü§£","Laajis;Touruvuori;Halssila;Kanavuori;Kuokkala;Sippulanniemi;Keljonkangas;Myllyj√§rvi;M√§yr√§m√§ki;Vaajakoski;Aika iso alue k√§y kellonajasta riippuen","juoksen alkul√§mp√§t;py√∂r√§ll√§","17-19","17-19","","17-19","","","","1 h;1 h 30 min;2 h","peruskest√§vyys h√∂lkk√§√§ niin ettei sykkeet nouse;sellaista rallattelua ja v√§lill√§ pieni√§ iloitteluja (h√∂yryjen p√§√§st√§mist√§);vetotreenej√§;m√§kitreeni√§;intervalleja","rymyp√§tki√§;kivikkoa;juurakkoa","muutama p√§iv√§ aiemmin riitt√§√§","Ei ole vaikuttanut","Kisamatkat ja yhteismajoitukset;Yhteislenkit;Juoksukaverit;Pikkujoulut","Maastopy√∂r√§ily;Uinti;Melonta;Rogain;Hiihto;Lumikenk√§ily;Retkeily;Retkiluistelu;Rullaluistelu, j√§√§kiekko, s√§hly"
"2023/01/22 4:54:38 PM GMT+2","50-60","naiset","10km lenkin","kolmesti viikossa","2500m","M√§ke√§ (k√§vellen/sauvoilla);M√§ke√§ juosten yl√∂s;Alam√§kijuoksu;Nopeaa k√§vely√§ (speed hike);Pitkiksi√§;Voimaa;Peruskest√§vyytt√§;Monipuolisesti eri lajeja","Yksin","L√§mmittelen lihakset;J√§√§hdyttely (h√∂lkk√§);Muistan juoda","nauttia luonnosta;tutustua uusiin paikkoihin liikunnan keinoin;voittaa itselleni asettamat haasteet;k√§yd√§ l√§pi useita luonnon tarjoamia n√§ht√§vyyksi√§","pidempi yhten√§inen juoksuvaellus","Laiskuus","j√§rjest√§j√§n merkkej√§;merkattuja reittej√§;gps-reitti√§;mobiilikarttaa;paperikarttaa ja kompassia;suuntaa auringosta;olen oman tieni kulkija","Joo","Edellisen√§ vuonna","Laajis;Touruvuori;Halssila;Kanavuori;Kuokkala;Keskusta;Sippulanniemi;Keljonkangas;Myllyj√§rvi;M√§yr√§m√§ki;Muurame;Vaajakoski;Kaikki k√§y","py√∂r√§ll√§;toisen kyydill√§;omalla autolla","","","17-19","17-19","17-19","","","1 h 30 min","peruskest√§vyys h√∂lkk√§√§ niin ettei sykkeet nouse;sellaista rallattelua ja v√§lill√§ pieni√§ iloitteluja (h√∂yryjen p√§√§st√§mist√§);m√§kitreeni√§","helppoa neulaspolkua;kivikkoa;juurakkoa","muutama p√§iv√§ aiemmin riitt√§√§","Ei ole vaikuttanut","Yhteislenkit","Melonta;Rogain;Hiihto;Lumikenk√§ily;Retkeily"
"2023/01/22 4:55:08 PM GMT+2","40-50","naiset","puolimaratonin","viidesti viikossa","2400m","M√§ke√§ (k√§vellen/sauvoilla);Vetoja;Pitkiksi√§;Voimaa;Peruskest√§vyytt√§;Monipuolisesti eri lajeja","Yksin","J√§√§hdyttely (h√∂lkk√§);Muistan juoda;Tankkaan energiaa;Olen hankkinut ohjausta (valmennus)","nauttia luonnosta;kehitt√§√§ nopeuttani juoksijana;lis√§t√§ juoksumatkaa;tutustua uusiin paikkoihin liikunnan keinoin;voittaa itselleni asettamat haasteet","polkujuoksu pohjoisessa suomessa","Ajanpuute;Laiskuus;Ruuhkavuodet","j√§rjest√§j√§n merkkej√§;merkattuja reittej√§;gps-reitti√§;mobiilikarttaa;olen oman tieni kulkija","En","","Sippulanniemi;Keljonkangas;Myllyj√§rvi;Muurame","omalla autolla","17-19","17-19","17-19","17-19","15-17;17-19","10-12;12-15","10-12;12-15","1 h","peruskest√§vyys h√∂lkk√§√§ niin ettei sykkeet nouse","helppoa neulaspolkua;rymyp√§tki√§","viikkoa aiemmin","Ei ole vaikuttanut","Juoksublogit tai tarinat;Back yard ultra tyyppinen h√§ppeninki","Maastopy√∂r√§ily;Suunnistus;Hiihto;Retkeily"
"2023/01/22 5:06:57 PM GMT+2","40-50","naiset","puolimaratonin","nelj√§sti viikossa","","Monipuolisesti eri lajeja","Kaksin","Tankkaan energiaa","nauttia luonnosta","","","mobiilikarttaa","Joo","ihan sopiva kaikin puolin ja mukava","Laajis;Halssila;Keskusta;Sippulanniemi","omalla autolla","","19-21","19-21","19-21","","","","1 h 30 min","maltillinen h√∂lkk√§ hitaimman mukaan","helppoa neulaspolkua;vain pieni√§ m√§ki√§","edellisen√§ p√§iv√§n√§;muutama p√§iv√§ aiemmin riitt√§√§","Ei ole vaikuttanut","Yhteislenkit;Juoksukaverit","Maastopy√∂r√§ily;Gravel-py√∂r√§ily;Kippurasarvipy√∂r√§ily;Suppailu;Suunnistus;Rogain;Seikkailu-urheilu;Hiihto;Retkeily;Retkiluistelu;Laskettelu"
"2023/01/22 5:17:43 PM GMT+2","70-","naiset","ultran","8 kertaa viikossa","2100m","M√§ke√§ juosten yl√∂s;Alam√§kijuoksu;Vetoja;Pitkiksi√§;Voimaa;Peruskest√§vyytt√§;Monipuolisesti eri lajeja","Yksin","Suorituksen j√§lkeinen lihashuolto (venyttely/rullailu);K√§yt√§n hierontapalveluita;Muistan juoda","nauttia luonnosta;kehitt√§√§ nopeuttani juoksijana;lis√§t√§ juoksumatkaa;tutustua uusiin paikkoihin liikunnan keinoin;voittaa itselleni asettamat haasteet;tutustua uusiin ihmisiin ja treenikavereihin;k√§yd√§ l√§pi useita luonnon tarjoamia n√§ht√§vyyksi√§","pidempi yhten√§inen juoksuvaellus;polkujuoksu pohjoisessa suomessa;polku- tai vuorijuoksu ulkomailla","En uskalla kulkea uusilla reiteill√§ yksin;M√§√§r√§rahojen puute;Kaverin puute","j√§rjest√§j√§n merkkej√§;merkattuja reittej√§;olen oman tieni kulkija","Joo","ihan sopiva kaikin puolin ja mukava","Aivan samaa miss√§.","omalla autolla","","","17-19","","17-19","10-12","10-12","2 h","maltillinen h√∂lkk√§ hitaimman mukaan;sellaista rallattelua ja v√§lill√§ pieni√§ iloitteluja (h√∂yryjen p√§√§st√§mist√§);vetotreenej√§;m√§kitreeni√§;intervalleja","helppoa neulaspolkua;paljon verttimetrej√§;nelivetopaikkoja;rymyp√§tki√§","muutama p√§iv√§ aiemmin riitt√§√§;viikkoa aiemmin","Ei ole vaikuttanut","Kisamatkat ja yhteismajoitukset;Yhteislenkit;Juoksukaverit;Pikkujoulut;Facebook-l√§pp√§;Juoksublogit tai tarinat","Hiihto;Retkeily;Jumpat; combat"
"2023/01/22 5:31:04 PM GMT+2","","","ultran","seitsem√§sti viikossa","2400m","M√§ke√§ (k√§vellen/sauvoilla);Alam√§kijuoksu;Nopeaa k√§vely√§ (speed hike);Vetoja;Pitkiksi√§;Voimaa;Peruskest√§vyytt√§;Monipuolisesti eri lajeja","Yksin","L√§mmittelen lihakset;Suorituksen j√§lkeinen lihashuolto (venyttely/rullailu);J√§√§hdyttely (h√∂lkk√§);K√§yt√§n hierontapalveluita;Muistan juoda;Tankkaan energiaa","nauttia luonnosta;kehitt√§√§ nopeuttani juoksijana;lis√§t√§ juoksumatkaa;tutustua uusiin paikkoihin liikunnan keinoin;voittaa itselleni asettamat haasteet;tutustua uusiin ihmisiin ja treenikavereihin;k√§yd√§ l√§pi useita luonnon tarjoamia n√§ht√§vyyksi√§","l√§heiset kansallispuistot;pidempi yhten√§inen juoksuvaellus;kisaaminen;polkujuoksu pohjoisessa suomessa;polku- tai vuorijuoksu ulkomailla;UTMB kisa","M√§√§r√§rahojen puute;Ajanpuute;ITRA pisteet tai UTMB-kivet;Kaverin puute;Kulkuyhteydet;Ruuhkavuodet;(UTMB) kisa-arvonnat","j√§rjest√§j√§n merkkej√§;merkattuja reittej√§;gps-reitti√§;mobiilikarttaa;suuntaa auringosta","Joo","ihan sopiva kaikin puolin ja mukava;minun tasolleni liian nopea","Halssila;Kanavuori;Keskusta;Vaajakoski","py√∂r√§ll√§;toisen kyydill√§;omalla autolla","17-19","17-19","17-19","17-19","17-19","17-19","17-19","1 h;1 h 30 min;2 h","maltillinen h√∂lkk√§ hitaimman mukaan;peruskest√§vyys h√∂lkk√§√§ niin ettei sykkeet nouse","helppoa neulaspolkua;vain pieni√§ m√§ki√§;paljon verttimetrej√§;nelivetopaikkoja;rymyp√§tki√§;kivikkoa;juurakkoa;suota","viikkoa aiemmin","Ei ole vaikuttanut","Kisamatkat ja yhteismajoitukset;Yhteislenkit","Seikkailu-urheilu;Hiihto;Retkeily;Retkiluistelu"
"2023/01/22 6:03:30 PM GMT+2","30-40","miehet","puolimaratonin","nelj√§sti viikossa","Ei tulosta","M√§ke√§ (k√§vellen/sauvoilla);M√§ke√§ juosten yl√∂s;Alam√§kijuoksu;Vetoja;Pitkiksi√§;Voimaa;Peruskest√§vyytt√§;Monipuolisesti eri lajeja","Yksin","L√§mmittelen lihakset;K√§yt√§n hierontapalveluita;Muistan juoda;Tankkaan energiaa","nauttia luonnosta;lis√§t√§ juoksumatkaa;tutustua uusiin paikkoihin liikunnan keinoin;tutustua uusiin ihmisiin ja treenikavereihin;l√∂yt√§√§ mahdollisimman paljon polkuja;k√§yd√§ l√§pi useita luonnon tarjoamia n√§ht√§vyyksi√§","l√§heiset kansallispuistot;pidempi yhten√§inen juoksuvaellus","Kaverin puute;Laiskuus","gps-reitti√§;olen oman tieni kulkija","Joo","ihan sopiva kaikin puolin ja mukava;keng√§t kastui","Sippulanniemi;Keljonkangas","omalla autolla","17-19;19-21","17-19;19-21","17-19;19-21","17-19;19-21","17-19;19-21","7-10;10-12;12-15;15-17;17-19","7-10;10-12;12-15;15-17;17-19","1 h 30 min","maltillinen h√∂lkk√§ hitaimman mukaan;sellaista rallattelua ja v√§lill√§ pieni√§ iloitteluja (h√∂yryjen p√§√§st√§mist√§)","helppoa neulaspolkua;rymyp√§tki√§","viikkoa aiemmin","Ei ole vaikuttanut","Yhteislenkit;Juoksukaverit","Maastopy√∂r√§ily;Kiipeily tai boulderointi;Kuntosali"
"2023/01/22 6:29:00 PM GMT+2","30-40","miehet","ultran","kuudesti viikossa","","M√§ke√§ (k√§vellen/sauvoilla);M√§ke√§ juosten yl√∂s;Alam√§kijuoksu;Nopeaa k√§vely√§ (speed hike);Vetoja;Pitkiksi√§;Voimaa;Peruskest√§vyytt√§;Monipuolisesti eri lajeja","Yksin","L√§mmittelen lihakset;Suorituksen j√§lkeinen lihashuolto (venyttely/rullailu);J√§√§hdyttely (h√∂lkk√§);K√§yt√§n hierontapalveluita;Muistan juoda;Tankkaan energiaa","nauttia luonnosta;kehitt√§√§ nopeuttani juoksijana;tutustua uusiin paikkoihin liikunnan keinoin;voittaa itselleni asettamat haasteet;tutustua uusiin ihmisiin ja treenikavereihin;l√∂yt√§√§ mahdollisimman paljon polkuja;k√§yd√§ l√§pi useita luonnon tarjoamia n√§ht√§vyyksi√§","polku- tai vuorijuoksu ulkomailla;UTMB kisa","(UTMB) kisa-arvonnat","mobiilikarttaa;olen oman tieni kulkija","Joo","ihan sopiva kaikin puolin ja mukava","Laajis;Halssila;Vaajakoski","juoksen alkul√§mp√§t;py√∂r√§ll√§;omalla autolla","17-19","17-19","17-19","17-19","17-19","17-19","17-19","1 h;1 h 30 min","maltillinen h√∂lkk√§ hitaimman mukaan;sellaista rallattelua ja v√§lill√§ pieni√§ iloitteluja (h√∂yryjen p√§√§st√§mist√§)","helppoa neulaspolkua;vain pieni√§ m√§ki√§;paljon verttimetrej√§;nelivetopaikkoja;rymyp√§tki√§;kivikkoa;juurakkoa;suota","viikkoa aiemmin","Ei ole vaikuttanut","Kisamatkat ja yhteismajoitukset;Juoksukaverit","Maastopy√∂r√§ily;Gravel-py√∂r√§ily;Kippurasarvipy√∂r√§ily;Suunnistus;Hiihto;Retkeily"
"2023/01/22 6:45:28 PM GMT+2","20-30","naiset","ultran","viidesti viikossa","","M√§ke√§ (k√§vellen/sauvoilla);Nopeaa k√§vely√§ (speed hike);Vetoja;Pitkiksi√§;Peruskest√§vyytt√§;Monipuolisesti eri lajeja","Yksin","L√§mmittelen lihakset;Suorituksen j√§lkeinen lihashuolto (venyttely/rullailu);J√§√§hdyttely (h√∂lkk√§)","nauttia luonnosta;lis√§t√§ juoksumatkaa;tutustua uusiin paikkoihin liikunnan keinoin;voittaa itselleni asettamat haasteet;tutustua uusiin ihmisiin ja treenikavereihin;k√§yd√§ l√§pi useita luonnon tarjoamia n√§ht√§vyyksi√§","uskaltaa juosta l√§himets√§n ulkopuolella ilman kaveria;l√§heiset kansallispuistot;pidempi yhten√§inen juoksuvaellus","Ajanpuute;Kaverin puute;Ruuhkavuodet","merkattuja reittej√§;mobiilikarttaa","Joo","ihan sopiva kaikin puolin ja mukava","Laajis;Keskusta;Sippulanniemi;Myllyj√§rvi;M√§yr√§m√§ki","py√∂r√§ll√§","","17-19","17-19","17-19","","","","1 h;1 h 30 min;2 h;2 h 30 min","peruskest√§vyys h√∂lkk√§√§ niin ettei sykkeet nouse;sellaista rallattelua ja v√§lill√§ pieni√§ iloitteluja (h√∂yryjen p√§√§st√§mist√§);vetotreenej√§;m√§kitreeni√§","helppoa neulaspolkua;vain pieni√§ m√§ki√§;nelivetopaikkoja;rymyp√§tki√§;kivikkoa;juurakkoa;suota","muutama p√§iv√§ aiemmin riitt√§√§","Ei ole vaikuttanut","Yhteislenkit","Seikkailu-urheilu;Hiihto;Retkeily"
"2023/01/22 7:06:40 PM GMT+2","40-50","naiset","5km lenkin;10km lenkin;ultran","viidesti viikossa","","Peruskest√§vyytt√§;Monipuolisesti eri lajeja","Yksin","Muistan juoda;Tankkaan energiaa","tutustua uusiin paikkoihin liikunnan keinoin;tutustua uusiin ihmisiin ja treenikavereihin;l√∂yt√§√§ mahdollisimman paljon polkuja;k√§yd√§ l√§pi useita luonnon tarjoamia n√§ht√§vyyksi√§","pidempi yhten√§inen juoksuvaellus;polku- tai vuorijuoksu ulkomailla","","merkattuja reittej√§","Joo","ihan sopiva kaikin puolin ja mukava","Laajis;Touruvuori;Halssila;Kanavuori;Kuokkala;Keskusta;Sippulanniemi;Keljonkangas;Myllyj√§rvi;M√§yr√§m√§ki;Muurame;Vaajakoski","py√∂r√§ll√§;toisen kyydill√§","","17-19;19-21","","17-19;19-21","17-19;19-21","10-12;12-15;15-17;17-19;19-21","10-12;12-15;15-17;17-19;19-21","1 h;1 h 30 min;2 h","peruskest√§vyys h√∂lkk√§√§ niin ettei sykkeet nouse;sellaista rallattelua ja v√§lill√§ pieni√§ iloitteluja (h√∂yryjen p√§√§st√§mist√§);vetotreenej√§;m√§kitreeni√§;intervalleja","helppoa neulaspolkua;paljon verttimetrej√§;nelivetopaikkoja;rymyp√§tki√§;kivikkoa;juurakkoa;suota","muutama p√§iv√§ aiemmin riitt√§√§","Ei ole vaikuttanut","Kisamatkat ja yhteismajoitukset;Yhteislenkit;Juoksukaverit","Maastopy√∂r√§ily;Hiihto;Retkiluistelu;Laskettelu;Tanssi"
"2023/01/22 7:19:12 PM GMT+2","40-50","miehet","1km lenkin;5km lenkin;10km lenkin;puolimaratonin;ultran","kuudesti viikossa","2700m","M√§ke√§ (k√§vellen/sauvoilla);M√§ke√§ juosten yl√∂s;Alam√§kijuoksu;Vetoja;Pitkiksi√§;Voimaa;Peruskest√§vyytt√§;Monipuolisesti eri lajeja","Yksin","L√§mmittelen lihakset;J√§√§hdyttely (h√∂lkk√§);Muistan juoda;Tankkaan energiaa;Olen hankkinut ohjausta (valmennus)","nauttia luonnosta;kehitt√§√§ nopeuttani juoksijana;lis√§t√§ juoksumatkaa;tutustua uusiin paikkoihin liikunnan keinoin;voittaa itselleni asettamat haasteet;tutustua uusiin ihmisiin ja treenikavereihin;l√∂yt√§√§ mahdollisimman paljon polkuja;k√§yd√§ l√§pi useita luonnon tarjoamia n√§ht√§vyyksi√§","uskaltaa juosta l√§himets√§n ulkopuolella ilman kaveria;l√§heiset kansallispuistot;pidempi yhten√§inen juoksuvaellus","Ajanpuute;Laiskuus;Ruuhkavuodet","merkattuja reittej√§;gps-reitti√§;mobiilikarttaa;suuntaa auringosta","Joo","ihan sopiva kaikin puolin ja mukava;keng√§t kastui","Laajis;Touruvuori;Halssila;Kanavuori;Vaajakoski","juoksen alkul√§mp√§t;py√∂r√§ll√§","5-7","5-7","5-7","5-7","5-7","7-10","7-10","1 h 30 min;2 h","peruskest√§vyys h√∂lkk√§√§ niin ettei sykkeet nouse;sellaista rallattelua ja v√§lill√§ pieni√§ iloitteluja (h√∂yryjen p√§√§st√§mist√§);vetotreenej√§;m√§kitreeni√§;pitk√§√§ raastoa;oksennukseen asti","helppoa neulaspolkua;paljon verttimetrej√§;nelivetopaikkoja;kivikkoa;juurakkoa","muutama p√§iv√§ aiemmin riitt√§√§","Ei ole vaikuttanut","Kisamatkat ja yhteismajoitukset;Pikkujoulut;Facebook-l√§pp√§;Juoksublogit tai tarinat","Maastopy√∂r√§ily;Gravel-py√∂r√§ily;Kippurasarvipy√∂r√§ily;Melonta;Suunnistus;Hiihto;Lumikenk√§ily;Retkeily;Retkiluistelu;Laskettelu"
"2023/01/22 7:40:42 PM GMT+2","50-60","naiset","10km lenkin","kolmesti viikossa","Ei tulosta","","Yksin","","nauttia luonnosta;voittaa itselleni asettamat haasteet","pidempi yhten√§inen juoksuvaellus","Ajanpuute","olen oman tieni kulkija","Joo","ihan sopiva kaikin puolin ja mukava","Laajis;Halssila;Kanavuori","omalla autolla","","","","17-19","17-19","12-15","12-15","1 h 30 min","maltillinen h√∂lkk√§ hitaimman mukaan","helppoa neulaspolkua","muutama p√§iv√§ aiemmin riitt√§√§","En ole p√§√§ssyt osallistumaan","Yhteislenkit","Maastopy√∂r√§ily;Kippurasarvipy√∂r√§ily;Hiihto"
"2023/01/22 7:50:08 PM GMT+2","20-30","naiset","ultran","kuudesti viikossa","1700m","M√§ke√§ (k√§vellen/sauvoilla);M√§ke√§ juosten yl√∂s;Nopeaa k√§vely√§ (speed hike);Pitkiksi√§;Voimaa;Peruskest√§vyytt√§;Monipuolisesti eri lajeja","Yksin","Suorituksen j√§lkeinen lihashuolto (venyttely/rullailu);Muistan juoda;Tankkaan energiaa","nauttia luonnosta;lis√§t√§ juoksumatkaa;voittaa itselleni asettamat haasteet","pidempi yhten√§inen juoksuvaellus","Kaverin puute;Laiskuus","merkattuja reittej√§;olen oman tieni kulkija","Joo","ihan sopiva kaikin puolin ja mukava","Touruvuori","py√∂r√§ll√§;omalla autolla","17-19;19-21","17-19;19-21","17-19;19-21","17-19;19-21","17-19","","","1 h;1 h 30 min;2 h","peruskest√§vyys h√∂lkk√§√§ niin ettei sykkeet nouse","helppoa neulaspolkua;vain pieni√§ m√§ki√§;kivikkoa;juurakkoa","muutama p√§iv√§ aiemmin riitt√§√§","Ei ole vaikuttanut","Facebook-l√§pp√§;Juoksublogit tai tarinat","Kippurasarvipy√∂r√§ily;Melonta;Hiihto;Retkeily"
"2023/01/22 7:51:40 PM GMT+2","40-50","naiset","maratonin","12 kertaa viikossa","2900m","Pitkiksi√§;Voimaa;Peruskest√§vyytt√§;Monipuolisesti eri lajeja;Hiihto on toiminut nyt 3 vuotta talven p√§√§lajina:)","Yksin","Muistan juoda;Tankkaan energiaa;Kaikkiin noihin muihin asioihin pit√§isi panostaa, mutta aina on se kiire...","kehitt√§√§ nopeuttani juoksijana;voittaa itselleni asettamat haasteet;p√§√§st√§ podiumille;tutustua uusiin ihmisiin ja treenikavereihin;l√∂yt√§√§ mahdollisimman paljon polkuja","uskaltaa juosta l√§himets√§n ulkopuolella ilman kaveria;pidempi yhten√§inen juoksuvaellus;kisaaminen;polkujuoksu pohjoisessa suomessa;polku- tai vuorijuoksu ulkomailla;UTMB kisa","M√§√§r√§rahojen puute;Ajanpuute;ITRA pisteet tai UTMB-kivet;Triathlon vie liikaa aikaa..","merkattuja reittej√§","En","","Laajis;Jos Laajiksesta oppisi yhdysreittej√§ pitkin toisaalle..?","py√∂r√§ll√§","","15-17","","","","","7-10","2 h","peruskest√§vyys h√∂lkk√§√§ niin ettei sykkeet nouse;vetotreenej√§;Ti kova vaihteleva teema kuukausittain, su pitkis (2-3h)","vain pieni√§ m√§ki√§","viikkoa aiemmin","Ei ole vaikuttanut","Kisamatkat ja yhteismajoitukset","Triathlon;Uinti;Hiihto;Laskettelu"
"2023/01/22 7:57:40 PM GMT+2","40-50","naiset","10km lenkin","seitsem√§sti viikossa","","M√§ke√§ (k√§vellen/sauvoilla);M√§ke√§ juosten yl√∂s;Alam√§kijuoksu;Nopeaa k√§vely√§ (speed hike);Voimaa;Peruskest√§vyytt√§;Monipuolisesti eri lajeja","Yksin","L√§mmittelen lihakset;Suorituksen j√§lkeinen lihashuolto (venyttely/rullailu);J√§√§hdyttely (h√∂lkk√§);Muistan juoda;Tankkaan energiaa;Olen hankkinut ohjausta (valmennus)","nauttia luonnosta;lis√§t√§ juoksumatkaa;tutustua uusiin paikkoihin liikunnan keinoin;voittaa itselleni asettamat haasteet;tutustua uusiin ihmisiin ja treenikavereihin;l√∂yt√§√§ mahdollisimman paljon polkuja;k√§yd√§ l√§pi useita luonnon tarjoamia n√§ht√§vyyksi√§","pidempi yhten√§inen juoksuvaellus;kisaaminen;polkujuoksu pohjoisessa suomessa;polku- tai vuorijuoksu ulkomailla","M√§√§r√§rahojen puute;Kaverin puute;Kulkuyhteydet","merkattuja reittej√§;mobiilikarttaa;olen oman tieni kulkija","En","","Halssila;Keskusta","juoksen alkul√§mp√§t;py√∂r√§ll√§;linkill√§","","","","","","","","1 h;1 h 30 min","maltillinen h√∂lkk√§ hitaimman mukaan;peruskest√§vyys h√∂lkk√§√§ niin ettei sykkeet nouse","helppoa neulaspolkua;rymyp√§tki√§","muutama p√§iv√§ aiemmin riitt√§√§","Ei ole vaikuttanut","","Maastopy√∂r√§ily;Kippurasarvipy√∂r√§ily;Melonta;Suunnistus;Seikkailu-urheilu;Hiihto;Retkeily"
"2023/01/22 8:43:06 PM GMT+2","30-40","naiset","ultran","10 kertaa viikossa","2600m","M√§ke√§ (k√§vellen/sauvoilla);Pitkiksi√§;Peruskest√§vyytt√§;Monipuolisesti eri lajeja","Yksin","Suorituksen j√§lkeinen lihashuolto (venyttely/rullailu);Muistan juoda","nauttia luonnosta;lis√§t√§ juoksumatkaa;tutustua uusiin paikkoihin liikunnan keinoin;voittaa itselleni asettamat haasteet;tutustua uusiin ihmisiin ja treenikavereihin;l√∂yt√§√§ mahdollisimman paljon polkuja;k√§yd√§ l√§pi useita luonnon tarjoamia n√§ht√§vyyksi√§","l√§heiset kansallispuistot;pidempi yhten√§inen juoksuvaellus;kisaaminen;polkujuoksu pohjoisessa suomessa","Ajanpuute;Ruuhkavuodet","olen oman tieni kulkija","Joo","liikaa k√§vely√§","Laajis;Touruvuori;Halssila;Kanavuori;Kuokkala;Keskusta;Sippulanniemi;Vaajakoski","py√∂r√§ll√§;omalla autolla","17-19","17-19","17-19","17-19","17-19","7-10;17-19","7-10;17-19","1 h 30 min;2 h;2 h 30 min;yli 3 h","peruskest√§vyys h√∂lkk√§√§ niin ettei sykkeet nouse;vetotreenej√§;m√§kitreeni√§;pitk√§√§ raastoa","helppoa neulaspolkua;vain pieni√§ m√§ki√§;paljon verttimetrej√§;nelivetopaikkoja;rymyp√§tki√§;kivikkoa;juurakkoa;suota","viikkoa aiemmin","Ei ole vaikuttanut","Juoksukaverit","Gravel-py√∂r√§ily;Melonta;Suppailu;Hiihto;Lumikenk√§ily;Retkeily;Retkiluistelu;Laskettelu"
"2023/01/22 9:54:48 PM GMT+2","50-60","miehet","maratonin","12 kertaa viikossa","2800m","M√§ke√§ (k√§vellen/sauvoilla);M√§ke√§ juosten yl√∂s;Vetoja;Pitkiksi√§;Voimaa;Peruskest√§vyytt√§;Monipuolisesti eri lajeja","Yksin","L√§mmittelen lihakset;Suorituksen j√§lkeinen lihashuolto (venyttely/rullailu);Muistan juoda","nauttia luonnosta;kehitt√§√§ nopeuttani juoksijana;tutustua uusiin paikkoihin liikunnan keinoin;voittaa itselleni asettamat haasteet;tutustua uusiin ihmisiin ja treenikavereihin;k√§yd√§ l√§pi useita luonnon tarjoamia n√§ht√§vyyksi√§","pidempi yhten√§inen juoksuvaellus;polkujuoksu pohjoisessa suomessa;polku- tai vuorijuoksu ulkomailla","Ajanpuute;Kaverin puute","mobiilikarttaa;suuntaa auringosta;olen oman tieni kulkija","En","","Halssila","juoksen alkul√§mp√§t;omalla autolla","12-15;15-17","12-15;15-17","12-15;15-17","12-15;15-17","12-15;15-17","10-12;12-15","10-12;12-15","1 h 30 min","peruskest√§vyys h√∂lkk√§√§ niin ettei sykkeet nouse;sellaista rallattelua ja v√§lill√§ pieni√§ iloitteluja (h√∂yryjen p√§√§st√§mist√§);vetotreenej√§;m√§kitreeni√§;intervalleja","helppoa neulaspolkua;paljon verttimetrej√§;kivikkoa","viikkoa aiemmin","Ei ole vaikuttanut","Facebook-l√§pp√§","Maastopy√∂r√§ily;Kippurasarvipy√∂r√§ily;Triathlon;Hiihto;Lumikenk√§ily;Retkeily;Retkiluistelu;Laskettelu"
"2023/01/22 10:31:14 PM GMT+2","30-40","naiset","10km lenkin","kolmesti viikossa","","M√§ke√§ (k√§vellen/sauvoilla);M√§ke√§ juosten yl√∂s;Alam√§kijuoksu;Nopeaa k√§vely√§ (speed hike);Pitkiksi√§;Voimaa;Peruskest√§vyytt√§;Monipuolisesti eri lajeja","Yksin","L√§mmittelen lihakset;J√§√§hdyttely (h√∂lkk√§);K√§yt√§n hierontapalveluita;Muistan juoda;Tankkaan energiaa","nauttia luonnosta;lis√§t√§ juoksumatkaa;tutustua uusiin ihmisiin ja treenikavereihin","l√§heiset kansallispuistot;pidempi yhten√§inen juoksuvaellus;polkujuoksu pohjoisessa suomessa","En uskalla kulkea uusilla reiteill√§ yksin;Ajanpuute;Kaverin puute;Ruuhkavuodet","merkattuja reittej√§;mobiilikarttaa","Joo","ihan sopiva kaikin puolin ja mukava","Halssila;Kanavuori;Vaajakoski","omalla autolla","","17-19","17-19","","17-19","17-19","17-19","1 h 30 min","maltillinen h√∂lkk√§ hitaimman mukaan;peruskest√§vyys h√∂lkk√§√§ niin ettei sykkeet nouse;sellaista rallattelua ja v√§lill√§ pieni√§ iloitteluja (h√∂yryjen p√§√§st√§mist√§);vetotreenej√§;m√§kitreeni√§;pitk√§√§ raastoa","helppoa neulaspolkua;paljon verttimetrej√§;nelivetopaikkoja;rymyp√§tki√§;kivikkoa;juurakkoa;suota","muutama p√§iv√§ aiemmin riitt√§√§;viikkoa aiemmin","Ei ole vaikuttanut","Yhteislenkit;Juoksukaverit;Facebook-l√§pp√§","Maastopy√∂r√§ily;Kippurasarvipy√∂r√§ily;Hiihto;Retkeily;Sali"
"2023/01/23 10:00:13 AM GMT+2","60-70","miehet","10km lenkin","viidesti viikossa","","M√§ke√§ (k√§vellen/sauvoilla);Peruskest√§vyytt√§;Monipuolisesti eri lajeja","Kaksin","K√§yt√§n hierontapalveluita;Muistan juoda","tutustua uusiin paikkoihin liikunnan keinoin;tutustua uusiin ihmisiin ja treenikavereihin;l√∂yt√§√§ mahdollisimman paljon polkuja","kisaaminen;polkujuoksu pohjoisessa suomessa","M√§√§r√§rahojen puute;Laiskuus","paperikarttaa ja kompassia","Joo","liikaa k√§vely√§","Laajis;Sippulanniemi;Keljonkangas;Myllyj√§rvi;Muurame","juoksen alkul√§mp√§t;omalla autolla","","","17-19","","17-19","","15-17","1 h","peruskest√§vyys h√∂lkk√§√§ niin ettei sykkeet nouse","helppoa neulaspolkua;vain pieni√§ m√§ki√§","viikkoa aiemmin;kaksi viikkoa aiemmin jotta kerke√§√§ j√§rjestell√§ aikaa","En ole uskaltanut osallistua","En ole ollut mukana","Suunnistus;Hiihto"
"2023/01/23 11:39:14 AM GMT+2","40-50","miehet","10km lenkin","viidesti viikossa","2800m","Vetoja;Pitkiksi√§;Peruskest√§vyytt√§;Monipuolisesti eri lajeja","Yksin","L√§mmittelen lihakset;Suorituksen j√§lkeinen lihashuolto (venyttely/rullailu);J√§√§hdyttely (h√∂lkk√§)","nauttia luonnosta;kehitt√§√§ nopeuttani juoksijana;lis√§t√§ juoksumatkaa;voittaa itselleni asettamat haasteet","polkujuoksu pohjoisessa suomessa","Ajanpuute","olen oman tieni kulkija","En","","Halssila;Vaajakoski","juoksen alkul√§mp√§t","17-19","17-19","17-19","17-19","17-19","10-12;12-15","10-12;12-15","1 h;1 h 30 min;2 h","peruskest√§vyys h√∂lkk√§√§ niin ettei sykkeet nouse;sellaista rallattelua ja v√§lill√§ pieni√§ iloitteluja (h√∂yryjen p√§√§st√§mist√§);vetotreenej√§;intervalleja","helppoa neulaspolkua;nelivetopaikkoja;rymyp√§tki√§;suota","muutama p√§iv√§ aiemmin riitt√§√§","Ei ole vaikuttanut","Juoksublogit tai tarinat","Melonta;Suunnistus;Rogain;Hiihto;Retkeily;Retkiluistelu"
"2023/01/23 1:51:01 PM GMT+2","40-50","naiset","ultran","viidesti viikossa","2400m","M√§ke√§ (k√§vellen/sauvoilla);Nopeaa k√§vely√§ (speed hike);Pitkiksi√§;Voimaa;Uinti, jooga sek√§ hiihto","Yksin","L√§mmittelen lihakset;Muistan juoda;Tankkaan energiaa","nauttia luonnosta;tutustua uusiin ihmisiin ja treenikavereihin","pidempi yhten√§inen juoksuvaellus","Ajanpuute;Ruuhkavuodet","j√§rjest√§j√§n merkkej√§;merkattuja reittej√§","Joo","ihan sopiva kaikin puolin ja mukava","Halssila;Kanavuori;Kuokkala;Keskusta;Keljonkangas;Vaajakoski;Moneen paikkaan p√§√§sen üòÄ","toisen kyydill√§;omalla autolla","5-7","5-7","5-7","5-7","5-7","10-12","7-10","1 h;1 h 30 min","peruskest√§vyys h√∂lkk√§√§ niin ettei sykkeet nouse;Ja maasto voi olla mit√§ vaan tuohon alle","helppoa neulaspolkua;vain pieni√§ m√§ki√§;paljon verttimetrej√§;nelivetopaikkoja;rymyp√§tki√§;kivikkoa;juurakkoa;suota","viikkoa aiemmin","Ei ole vaikuttanut","Juoksukaverit;Facebook-l√§pp√§;Juoksublogit tai tarinat","Uinti;Hiihto;Laskettelu"
"2023/01/23 3:12:10 PM GMT+2","50-60","naiset","ultran","kuudesti viikossa","Ei tulosta","M√§ke√§ (k√§vellen/sauvoilla);M√§ke√§ juosten yl√∂s;Alam√§kijuoksu;Vetoja;Pitkiksi√§;Voimaa;Peruskest√§vyytt√§;Monipuolisesti eri lajeja","Yksin","L√§mmittelen lihakset;Suorituksen j√§lkeinen lihashuolto (venyttely/rullailu);K√§yt√§n hierontapalveluita;Muistan juoda;Tankkaan energiaa;Olen hankkinut ohjausta (valmennus)","nauttia luonnosta;kehitt√§√§ nopeuttani juoksijana;tutustua uusiin paikkoihin liikunnan keinoin;voittaa itselleni asettamat haasteet;tutustua uusiin ihmisiin ja treenikavereihin;k√§yd√§ l√§pi useita luonnon tarjoamia n√§ht√§vyyksi√§","l√§heiset kansallispuistot;kisaaminen;polkujuoksu pohjoisessa suomessa","M√§√§r√§rahojen puute;Ajanpuute","j√§rjest√§j√§n merkkej√§;merkattuja reittej√§;gps-reitti√§;mobiilikarttaa","Joo","liikaa k√§vely√§","Laajis;Touruvuori;Halssila;Kanavuori;Kuokkala;Keskusta;Sippulanniemi;Vaajakoski","omalla autolla","17-19","17-19","17-19","17-19","15-17;17-19","12-15;15-17;17-19","10-12;12-15;15-17;17-19","2 h","peruskest√§vyys h√∂lkk√§√§ niin ettei sykkeet nouse;sellaista rallattelua ja v√§lill√§ pieni√§ iloitteluja (h√∂yryjen p√§√§st√§mist√§);m√§kitreeni√§;pitk√§√§ raastoa","helppoa neulaspolkua;paljon verttimetrej√§;nelivetopaikkoja;rymyp√§tki√§","viikkoa aiemmin","Ei ole vaikuttanut","Kisamatkat ja yhteismajoitukset;Yhteislenkit;Pikkujoulut","Melonta;Retkeily;Laskettelu;Ehk√§ jatkossa retkiluistelu jos raskin ostaa varusteet"
"2023/01/23 10:05:56 PM GMT+2","30-40","miehet","ultran","viidesti viikossa","2800m","M√§ke√§ (k√§vellen/sauvoilla);M√§ke√§ juosten yl√∂s;Vetoja;Pitkiksi√§;Voimaa;Peruskest√§vyytt√§;Monipuolisesti eri lajeja","Yksin","Muistan juoda;Tankkaan energiaa","nauttia luonnosta;kehitt√§√§ nopeuttani juoksijana;lis√§t√§ juoksumatkaa;voittaa itselleni asettamat haasteet;tutustua uusiin ihmisiin ja treenikavereihin;k√§yd√§ l√§pi useita luonnon tarjoamia n√§ht√§vyyksi√§","","M√§√§r√§rahojen puute;Ajanpuute","j√§rjest√§j√§n merkkej√§;merkattuja reittej√§;gps-reitti√§;paperikarttaa ja kompassia","En","","Laajis;Touruvuori;Halssila;Kuokkala;Keskusta;Sippulanniemi","juoksen alkul√§mp√§t;omalla autolla","17-19;19-21","17-19;19-21","17-19;19-21","17-19;19-21","17-19;19-21","10-12;12-15","10-12;12-15","1 h;1 h 30 min;2 h","peruskest√§vyys h√∂lkk√§√§ niin ettei sykkeet nouse;vetotreenej√§;m√§kitreeni√§;intervalleja","helppoa neulaspolkua;paljon verttimetrej√§;nelivetopaikkoja;rymyp√§tki√§;kivikkoa;juurakkoa;suota","viikkoa aiemmin;kaksi viikkoa aiemmin jotta kerke√§√§ j√§rjestell√§ aikaa","Ei ole vaikuttanut","Juoksublogit tai tarinat","Uinti;Melonta;Kiipeily tai boulderointi;Suunnistus;Hiihto;Retkeily;Laskettelu"
"2023/01/23 10:12:03 PM GMT+2","30-40","naiset","10km lenkin","viidesti viikossa","2300m","M√§ke√§ juosten yl√∂s;Alam√§kijuoksu;Voimaa;Peruskest√§vyytt√§;Monipuolisesti eri lajeja","Yksin","L√§mmittelen lihakset;Suorituksen j√§lkeinen lihashuolto (venyttely/rullailu);Muistan juoda;Tankkaan energiaa","nauttia luonnosta;kehitt√§√§ nopeuttani juoksijana;lis√§t√§ juoksumatkaa;voittaa itselleni asettamat haasteet;l√∂yt√§√§ mahdollisimman paljon polkuja","pidempi yhten√§inen juoksuvaellus;kisaaminen;polkujuoksu pohjoisessa suomessa","En uskalla kulkea uusilla reiteill√§ yksin;Ajanpuute;Kaverin puute;Ruuhkavuodet","gps-reitti√§;olen oman tieni kulkija","En","","Laajis;Touruvuori;Keskusta;Myllyj√§rvi","py√∂r√§ll√§;omalla autolla","17-19","17-19","5-7;17-19","17-19","5-7;17-19","5-7;15-17","5-7;15-17","1 h;1 h 30 min","peruskest√§vyys h√∂lkk√§√§ niin ettei sykkeet nouse;sellaista rallattelua ja v√§lill√§ pieni√§ iloitteluja (h√∂yryjen p√§√§st√§mist√§);vetotreenej√§;m√§kitreeni√§","helppoa neulaspolkua;vain pieni√§ m√§ki√§;paljon verttimetrej√§;nelivetopaikkoja;rymyp√§tki√§;kivikkoa;juurakkoa;suota","viikkoa aiemmin","Ei ole vaikuttanut","","Uinti;Kiipeily tai boulderointi;Laskettelu;Kuntosali "
"2023/01/23 10:30:48 PM GMT+2","40-50","naiset","ultran","kuudesti viikossa","","M√§ke√§ (k√§vellen/sauvoilla);Alam√§kijuoksu;Pitkiksi√§;Voimaa;Peruskest√§vyytt√§;Monipuolisesti eri lajeja","Yksin","L√§mmittelen lihakset;J√§√§hdyttely (h√∂lkk√§);K√§yt√§n hierontapalveluita;Muistan juoda;Tankkaan energiaa","nauttia luonnosta;lis√§t√§ juoksumatkaa;tutustua uusiin paikkoihin liikunnan keinoin;voittaa itselleni asettamat haasteet;l√∂yt√§√§ mahdollisimman paljon polkuja;k√§yd√§ l√§pi useita luonnon tarjoamia n√§ht√§vyyksi√§","uskaltaa juosta l√§himets√§n ulkopuolella ilman kaveria;l√§heiset kansallispuistot;pidempi yhten√§inen juoksuvaellus;kisaaminen;polkujuoksu pohjoisessa suomessa;polku- tai vuorijuoksu ulkomailla","En uskalla kulkea uusilla reiteill√§ yksin;M√§√§r√§rahojen puute;Ajanpuute;Ruuhkavuodet","j√§rjest√§j√§n merkkej√§;merkattuja reittej√§;gps-reitti√§","Joo","ihan sopiva kaikin puolin ja mukava;liian lyhyt","Laajis;Touruvuori;Halssila;Kanavuori;Kuokkala;Keljonkangas;Vaajakoski","omalla autolla","","","","","","","","2 h;2 h 30 min;yli 3 h","peruskest√§vyys h√∂lkk√§√§ niin ettei sykkeet nouse;sellaista rallattelua ja v√§lill√§ pieni√§ iloitteluja (h√∂yryjen p√§√§st√§mist√§);vetotreenej√§;m√§kitreeni√§;pitk√§√§ raastoa;oksennukseen asti;intervalleja","helppoa neulaspolkua;paljon verttimetrej√§;nelivetopaikkoja;rymyp√§tki√§;kivikkoa;juurakkoa","viikkoa aiemmin;kaksi viikkoa aiemmin jotta kerke√§√§ j√§rjestell√§ aikaa;kuukausi etuk√§teen","En ole uskaltanut osallistua","Yhteislenkit;Juoksukaverit;Pikkujoulut;Juoksublogit tai tarinat","Maastopy√∂r√§ily;Kippurasarvipy√∂r√§ily;Suunnistus;Seikkailu-urheilu;Hiihto;Retkeily;Padel, ratsastus"
"2023/01/24 12:56:27 PM GMT+2","0-20","miehet","5km lenkin;10km lenkin;puolimaratonin;maratonin","viidesti viikossa","Ei tulosta","M√§ke√§ juosten yl√∂s;Vetoja;Pitkiksi√§;Voimaa;Peruskest√§vyytt√§;Monipuolisesti eri lajeja","Yksin","L√§mmittelen lihakset;Muistan juoda;Tankkaan energiaa;Olen hankkinut ohjausta (valmennus)","nauttia luonnosta;lis√§t√§ juoksumatkaa;voittaa itselleni asettamat haasteet","kisaaminen;polkujuoksu pohjoisessa suomessa;polku- tai vuorijuoksu ulkomailla;UTMB kisa","ITRA pisteet tai UTMB-kivet;Laiskuus","j√§rjest√§j√§n merkkej√§;merkattuja reittej√§;olen oman tieni kulkija","En","","Laajis;Keskusta;Keljonkangas;Myllyj√§rvi;Vaajakoski","toisen kyydill√§","17-19","17-19","17-19","17-19","17-19","15-17","15-17","1 h;2 h;2 h 30 min","peruskest√§vyys h√∂lkk√§√§ niin ettei sykkeet nouse;m√§kitreeni√§;pitk√§√§ raastoa;oksennukseen asti","nelivetopaikkoja;kivikkoa;juurakkoa","viikkoa aiemmin","Ei ole vaikuttanut","Kisamatkat ja yhteismajoitukset","Laskettelu;Skeittaaminen"
"2023/01/27 6:24:09 PM GMT+2","40-50","miehet","5km lenkin;puolimaratonin","noin kerran viikossa","2900m","Monipuolisesti eri lajeja","Yksin","Tankkaan energiaa","nauttia luonnosta","polkujuoksu pohjoisessa suomessa","Ajanpuute","gps-reitti√§","Joo","ihan sopiva kaikin puolin ja mukava","Bilteman l√§hialuea","omalla autolla","17-19","","","17-19","","","","1 h 30 min","maltillinen h√∂lkk√§ hitaimman mukaan","nelivetopaikkoja;rymyp√§tki√§","muutama p√§iv√§ aiemmin riitt√§√§","En ole p√§√§ssyt osallistumaan","Pikkujoulut","Maastopy√∂r√§ily;Retkiluistelu"
"2023/01/28 12:53:29 PM GMT+2","40-50","naiset","","","","","Yksin","","nauttia luonnosta;k√§yd√§ l√§pi useita luonnon tarjoamia n√§ht√§vyyksi√§","l√§heiset kansallispuistot;polku- tai vuorijuoksu ulkomailla","L√§√§k√§reiden m√§√§r√§√§m√§ toistaiseksi voimassa oleva liikuntakielto. ","merkattuja reittej√§;mobiilikarttaa;paperikarttaa ja kompassia;olen oman tieni kulkija","En","","","py√∂r√§ll√§;toisen kyydill√§","","","","","","","","","","","","En ole p√§√§ssyt osallistumaan","Kisamatkat ja yhteismajoitukset;Juoksublogit tai tarinat","Kippurasarvipy√∂r√§ily;Uinti;Melonta;Suppailu;Hiihto;Retkeily;Laskettelu;Toivottavasti pian vapaasukellusta. Villasukkaulkoilua, paljasjalkailua, yin-joogaa, meditointia "
"2023/01/28 3:47:11 PM GMT+2","40-50","miehet","10km lenkin","viidesti viikossa","2700m","M√§ke√§ (k√§vellen/sauvoilla);Alam√§kijuoksu;Nopeaa k√§vely√§ (speed hike);Monipuolisesti eri lajeja","Kaksin","Muistan juoda;Tankkaan energiaa","nauttia luonnosta;k√§yd√§ l√§pi useita luonnon tarjoamia n√§ht√§vyyksi√§","kisaaminen","Laiskuus;burn out","j√§rjest√§j√§n merkkej√§;mobiilikarttaa","En","","Halssila;Kanavuori","","","","","","","","","1 h","","","viikkoa aiemmin","En ole uskaltanut osallistua","Juoksukaverit","Lumikenk√§ily;Retkeily;Potkukelkkailu;Maantiepy√∂r√§ily"
"2023/01/29 3:22:07 PM GMT+2","30-40","naiset","10km lenkin","kolmesti viikossa","Ei tulosta","M√§ke√§ (k√§vellen/sauvoilla);Alam√§kijuoksu;Voimaa;Peruskest√§vyytt√§;Monipuolisesti eri lajeja","Yksin","L√§mmittelen lihakset;Muistan juoda","nauttia luonnosta;tutustua uusiin ihmisiin ja treenikavereihin;l√∂yt√§√§ mahdollisimman paljon polkuja","kisaaminen","En uskalla kulkea uusilla reiteill√§ yksin;Kulkuyhteydet","merkattuja reittej√§;mobiilikarttaa","En","","Keljonkangas;Asun Helsingiss√§. T√§√§ll√§ Keskuspuisto on yksi vaihtoehto.","","","","","","","","","","reipas k√§vely t√§ll√§ kunnolla saa jo huohottamaan","helppoa neulaspolkua;kivikkoa;juurakkoa","","","Juoksukaverit;Facebook-l√§pp√§;Juoksublogit tai tarinat","Retkeily;Tanssia"
"2023/01/29 5:02:41 PM GMT+2","30-40","miehet","puolimaratonin","yleens√§ kahdesti viikossa","3100m","M√§ke√§ (k√§vellen/sauvoilla);M√§ke√§ juosten yl√∂s;Alam√§kijuoksu;Vetoja;Pitkiksi√§;Voimaa;Peruskest√§vyytt√§;Monipuolisesti eri lajeja","Yksin","L√§mmittelen lihakset;Suorituksen j√§lkeinen lihashuolto (venyttely/rullailu);J√§√§hdyttely (h√∂lkk√§);Muistan juoda;Tankkaan energiaa","nauttia luonnosta;kehitt√§√§ nopeuttani juoksijana;lis√§t√§ juoksumatkaa;tutustua uusiin paikkoihin liikunnan keinoin;voittaa itselleni asettamat haasteet;tutustua uusiin ihmisiin ja treenikavereihin","polku- tai vuorijuoksu ulkomailla","Ajanpuute;Ruuhkavuodet","merkattuja reittej√§;gps-reitti√§;mobiilikarttaa","Joo","ihan sopiva kaikin puolin ja mukava","Touruvuori","juoksen alkul√§mp√§t;omalla autolla","5-7;19-21","5-7;19-21","5-7;19-21","5-7;19-21","5-7;19-21","5-7;19-21","5-7;19-21","2 h","sellaista rallattelua ja v√§lill√§ pieni√§ iloitteluja (h√∂yryjen p√§√§st√§mist√§);vetotreenej√§;m√§kitreeni√§;pitk√§√§ raastoa;intervalleja","helppoa neulaspolkua;paljon verttimetrej√§;nelivetopaikkoja;rymyp√§tki√§","muutama p√§iv√§ aiemmin riitt√§√§;viikkoa aiemmin","Ei ole vaikuttanut","Kisamatkat ja yhteismajoitukset;Yhteislenkit;Juoksukaverit;Pikkujoulut","Kippurasarvipy√∂r√§ily;Hiihto;Lumikenk√§ily;Retkeily"